{
    "@stylesheet":{
        
        /* Here are defined different styles for the application .
         * You can easily inherit this styles by using the @style keyword 
         * in the layout section */
        "embossedButton":{
            "background-color":"@color-gradient(7a2d1a,802f1b,34)",
            "corner-radius":7,
            "border-width":2,
            "border-color":"@color-hex(e25132)",
            "font":"@font(FontAwesome,26)",
            "title-color":"@color-hex(c7482b)"
        },
        
        "defaultLabel":{
			"background-color":"@color(clear)",
			"text-color":"@color-hex(000000)",
            "font":"@font(Thonburi-Bold,15)"
        },
        
        "defaultCell":{
            "background-color":"@color-gradient(c7482c,dd5031,44)"
        },
        
        "defaultCell":{
            "background-color":"@color-gradient(c7482c,dd5031,44)"
        },
        
        "redTableView":{
            "separator-color":"@color(clear)",
            "autoresizing-mask":["width"]
        }
    }

}