{
	"@layout":[
		{
			"@isa":"UIView",
			"@id":"v1",
			"backgroundColor":"@color-hex:00aff0",
			"frame":[0,0,10,44],
			"@subviews":[
				{
					"@isa":"UIView",
					"@id":"v2",
					"backgroundColor":"@color-hex:cacaca",
					"frame":[0,0,"@metric(#{v1.frameWidth}/2)",44]
				 }
			]
		},
		{
			"@isa":"UILabel",
			"@id":"l1",
			"backgroundColor":"@color:clear",
			"text":"hej: #{@bind(object.status)}",
			"textColor":"@color:black",
			"frame":["@metric(#{v1.frameWidth} + 10)",0,300,40],
			"font":"@font:Arial,10"
		}
	]
}
			  
